{
  "SA_sppnw41.txt": {
    "algorithm": "SA",
    "problem": "sppnw41.txt",
    "optimal": 11307,
    "costs": [
      13209.0,
      13047.0,
      12897.0,
      12678.0,
      11307.0,
      13389.0,
      13503.0,
      13473.0,
      12801.0,
      12678.0,
      13710.0,
      14205.0,
      13248.0,
      14268.0,
      12678.0,
      13035.0,
      11676.0,
      11457.0,
      12921.0,
      11457.0,
      14658.0,
      13053.0,
      12678.0,
      12231.0,
      12801.0,
      13671.0,
      13851.0,
      11307.0,
      13035.0,
      12801.0
    ],
    "mean": 12924.1,
    "std": 859.9150860244364,
    "best": 11307.0,
    "gap_pct": 0.0,
    "avg_time_s": 2.41,
    "feasible_runs": 30
  },
  "Standard_BGA_sppnw41.txt": {
    "algorithm": "Standard_BGA",
    "problem": "sppnw41.txt",
    "optimal": 11307,
    "costs": [
      14622.0,
      13851.0,
      13047.0,
      13047.0,
      13143.0,
      16677.0,
      14955.0,
      17211.0,
      11307.0,
      13083.0,
      12474.0,
      13053.0,
      11307.0,
      15204.0,
      12663.0,
      13689.0,
      14955.0,
      14511.0,
      11844.0,
      11676.0,
      11307.0,
      15252.0,
      15486.0,
      12732.0,
      12678.0,
      12870.0,
      15876.0,
      14544.0,
      15651.0,
      13248.0
    ],
    "mean": 13732.1,
    "std": 1609.132607424218,
    "best": 11307.0,
    "gap_pct": 0.0,
    "avg_time_s": 1.3,
    "feasible_runs": 30
  },
  "Improved_BGA_sppnw41.txt": {
    "algorithm": "Improved_BGA",
    "problem": "sppnw41.txt",
    "optimal": 11307,
    "costs": [
      11307.0,
      11307.0,
      11307.0,
      11307.0,
      11307.0,
      11307.0,
      11307.0,
      11307.0,
      11307.0,
      11307.0,
      11307.0,
      11307.0,
      11307.0,
      11307.0,
      11307.0,
      11307.0,
      11307.0,
      11307.0,
      11307.0,
      11307.0,
      11307.0,
      11307.0,
      11307.0,
      11307.0,
      11307.0,
      11307.0,
      11307.0,
      11307.0,
      11307.0,
      11307.0
    ],
    "mean": 11307.0,
    "std": 0.0,
    "best": 11307.0,
    "gap_pct": 0.0,
    "avg_time_s": 6.0,
    "feasible_runs": 30
  },
  "SA_sppnw42.txt": {
    "algorithm": "SA",
    "problem": "sppnw42.txt",
    "optimal": 7656,
    "costs": [
      8760.0,
      9632.0,
      8386.0,
      9784.0,
      7996.0,
      9104.0,
      9306.0,
      10158.0,
      8666.0,
      9104.0,
      10866.0,
      9256.0,
      8944.0,
      8958.0,
      8274.0,
      9924.0,
      8326.0,
      7994.0,
      10092.0,
      10052.0,
      8282.0,
      7674.0,
      10158.0,
      8666.0,
      9568.0,
      9312.0,
      9828.0,
      10366.0,
      8302.0,
      7722.0
    ],
    "mean": 9115.333333333334,
    "std": 853.8445846362462,
    "best": 7674.0,
    "gap_pct": 0.23510971786833856,
    "avg_time_s": 5.91,
    "feasible_runs": 30
  },
  "Standard_BGA_sppnw42.txt": {
    "algorithm": "Standard_BGA",
    "problem": "sppnw42.txt",
    "optimal": 7656,
    "costs": [
      10628.0,
      9784.0,
      8944.0,
      8836.0,
      10244.0,
      8800.0,
      8554.0,
      10872.0,
      9992.0,
      10394.0,
      9280.0,
      8900.0,
      10624.0,
      10072.0,
      10494.0,
      8664.0,
      8790.0,
      10382.0,
      9636.0,
      10052.0,
      10106.0,
      10378.0,
      8614.0,
      7714.0,
      10240.0,
      8664.0,
      10868.0,
      8606.0,
      7656.0,
      7948.0
    ],
    "mean": 9491.2,
    "std": 966.5635680256538,
    "best": 7656.0,
    "gap_pct": 0.0,
    "avg_time_s": 2.87,
    "feasible_runs": 30
  },
  "Improved_BGA_sppnw42.txt": {
    "algorithm": "Improved_BGA",
    "problem": "sppnw42.txt",
    "optimal": 7656,
    "costs": [
      7666.0,
      7656.0,
      7656.0,
      7666.0,
      7656.0,
      7656.0,
      7656.0,
      7656.0,
      7656.0,
      7666.0,
      7656.0,
      7666.0,
      7656.0,
      7656.0,
      7656.0,
      7656.0,
      7666.0,
      7656.0,
      7656.0,
      7666.0,
      7656.0,
      7656.0,
      7656.0,
      7656.0,
      7656.0,
      7656.0,
      7656.0,
      7656.0,
      7656.0,
      7656.0
    ],
    "mean": 7658.0,
    "std": 4.068381021724862,
    "best": 7656.0,
    "gap_pct": 0.0,
    "avg_time_s": 31.7,
    "feasible_runs": 30
  },
  "SA_sppnw43.txt": {
    "algorithm": "SA",
    "problem": "sppnw43.txt",
    "optimal": 8904,
    "costs": [
      10306.0,
      10276.0,
      10350.0,
      11912.0,
      11284.0,
      10774.0,
      11656.0,
      9570.0,
      10270.0,
      11704.0,
      11694.0,
      10432.0,
      11640.0,
      10250.0,
      9736.0,
      11796.0,
      12138.0,
      11788.0,
      10946.0,
      11604.0,
      12406.0,
      10270.0,
      9986.0,
      11790.0,
      10620.0,
      12098.0,
      10276.0,
      11126.0,
      10372.0,
      11244.0
    ],
    "mean": 11010.466666666667,
    "std": 802.789392801999,
    "best": 9570.0,
    "gap_pct": 7.479784366576819,
    "avg_time_s": 5.62,
    "feasible_runs": 30
  },
  "Standard_BGA_sppnw43.txt": {
    "algorithm": "Standard_BGA",
    "problem": "sppnw43.txt",
    "optimal": 8904,
    "costs": [
      10450.0,
      11302.0,
      10640.0,
      10652.0,
      11128.0,
      10624.0,
      8904.0,
      11224.0,
      12104.0,
      11754.0,
      10484.0,
      10860.0,
      11444.0,
      11182.0,
      12110.0,
      11080.0,
      10868.0,
      10936.0,
      9884.0,
      11828.0,
      10886.0,
      12072.0,
      10886.0,
      11686.0,
      9716.0,
      11026.0,
      10554.0,
      10100.0,
      11232.0,
      12384.0
    ],
    "mean": 11000.0,
    "std": 765.9424665527858,
    "best": 8904.0,
    "gap_pct": 0.0,
    "avg_time_s": 2.52,
    "feasible_runs": 30
  },
  "Improved_BGA_sppnw43.txt": {
    "algorithm": "Improved_BGA",
    "problem": "sppnw43.txt",
    "optimal": 8904,
    "costs": [
      8904.0,
      8904.0,
      8904.0,
      8904.0,
      8904.0,
      8904.0,
      8904.0,
      8904.0,
      8904.0,
      8904.0,
      8904.0,
      8904.0,
      8904.0,
      8904.0,
      8904.0,
      8904.0,
      8904.0,
      8904.0,
      8904.0,
      8904.0,
      8904.0,
      8904.0,
      8904.0,
      8904.0,
      8904.0,
      8904.0,
      8904.0,
      8904.0,
      8904.0,
      8904.0
    ],
    "mean": 8904.0,
    "std": 0.0,
    "best": 8904.0,
    "gap_pct": 0.0,
    "avg_time_s": 26.61,
    "feasible_runs": 30
  }
}